EXTERNAL ID, NAME, PARENT EXTERNAL ID, LEGAL ENTITY TYPE, REALM NAME
PeachtreeBank12,Peachtree bank,PeachtreeBank,BANK,PeachTree
PeachtreeBank12,Peachtree bank,PeachtreeBank,BANK,PeachTree
PeachtreeBank12,Peachtree bank,PeachtreeBank,BANK1,PeachTree
PeachtreeBank12,PeachtreeBank,BANK,PeachTree
PeachtreeBank12,Peachtree bank,PeachtreeBank,BANK
PeachtreeBank12,Peachtree bank,PeachtreeBank,,PeachTree
PeachtreeBank12,Peachtree bank,PeachtreeBank,BANK,PeachTree
PeachtreeBank12,Peachtree bank,PeachtreeBank,BANK,PeachTree
PeachtreeBank12,Peachtree bank,PeachtreeBank,BANK,PeachTree
PeachtreeBank12,Peachtree bank,PeachtreeBank,BANK,PeachTree
PeachtreeBank12,Peachtree bank,PeachtreeBank,BANK,PeachTree
PeachtreeBank12,Peachtree bank,PeachtreeBank,BANK,PeachTree
PeachtreeBank12,Peachtree bank,PeachtreeBank,BANK,PeachTree
PeachtreeBank12,Peachtree bank,PeachtreeBank,BANK,PeachTree
PeachtreeBank12,Peachtree bank,PeachtreeBank,BANK,PeachTree
PeachtreeBank12,Peachtree bank,PeachtreeBank,BANK,PeachTree
PeachtreeBank12,Peachtree bank,PeachtreeBank,BANK,PeachTree
PeachtreeBank12,Peachtree bank,PeachtreeBank,BANK,PeachTree
PeachtreeBank12,Peachtree bank,PeachtreeBank,BANK,PeachTree
PeachtreeBank12,Peachtree bank,PeachtreeBank,BANK,PeachTree
PeachtreeBank12,Peachtree bank,PeachtreeBank,BANK,PeachTree
PeachtreeBank12,Peachtree bank,PeachtreeBank,BANK,PeachTree
PeachtreeBank12,Peachtree bank,PeachtreeBank,BANK,PeachTree
PeachtreeBank12,Peachtree bank,PeachtreeBank,BANK,PeachTree
PeachtreeBank12,Peachtree bank,PeachtreeBank,BANK,PeachTree
PeachtreeBank12,Peachtree bank,PeachtreeBank,BANK,PeachTree
PeachtreeBank12,Peachtree bank,PeachtreeBank,BANK,PeachTree
PeachtreeBank12,Peachtree bank,PeachtreeBank,BANK,PeachTree
PeachtreeBank12,Peachtree bank,PeachtreeBank,BANK,PeachTree
PeachtreeBank12,Peachtree bank,PeachtreeBank,BANK,PeachTree
PeachtreeBank12,Peachtree bank,PeachtreeBank,BANK,PeachTree
PeachtreeBank12,Peachtree bank,PeachtreeBank,BANK,PeachTree
PeachtreeBank12,Peachtree bank,PeachtreeBank,BANK,PeachTree
PeachtreeBank12,Peachtree bank,PeachtreeBank,BANK,PeachTree
PeachtreeBank12,Peachtree bank,PeachtreeBank,BANK,PeachTree
PeachtreeBank12,Peachtree bank,PeachtreeBank,BANK,PeachTree
PeachtreeBank12,Peachtree bank,PeachtreeBank,BANK,PeachTree
PeachtreeBank12,Peachtree bank,PeachtreeBank,BANK,PeachTree
PeachtreeBank12,Peachtree bank,PeachtreeBank,BANK,PeachTree
PeachtreeBank12,Peachtree bank,PeachtreeBank,BANK,PeachTree